/*
SQLyog Ultimate v13.1.1 (64 bit)
MySQL - 5.7.36-log : Database - mysecurity
*********************************************************************
*/

/*!40101 SET NAMES utf8 */;

/*!40101 SET SQL_MODE=''*/;

/*!40014 SET @OLD_UNIQUE_CHECKS=@@UNIQUE_CHECKS, UNIQUE_CHECKS=0 */;
/*!40014 SET @OLD_FOREIGN_KEY_CHECKS=@@FOREIGN_KEY_CHECKS, FOREIGN_KEY_CHECKS=0 */;
/*!40101 SET @OLD_SQL_MODE=@@SQL_MODE, SQL_MODE='NO_AUTO_VALUE_ON_ZERO' */;
/*!40111 SET @OLD_SQL_NOTES=@@SQL_NOTES, SQL_NOTES=0 */;
CREATE DATABASE /*!32312 IF NOT EXISTS*/`mysecurity` /*!40100 DEFAULT CHARACTER SET utf8 */;

USE `mysecurity`;

/*Table structure for table `sys_menu` */

DROP TABLE IF EXISTS `sys_menu`;

CREATE TABLE `sys_menu` (
  `id` bigint(20) NOT NULL AUTO_INCREMENT,
  `menu_name` varchar(64) NOT NULL DEFAULT 'NULL' COMMENT '菜单名',
  `path` varchar(200) DEFAULT NULL COMMENT '路由地址',
  `component` varchar(255) DEFAULT NULL COMMENT '组件路径',
  `visible` char(1) DEFAULT '0' COMMENT '菜单状态（0显示 1隐藏）',
  `status` char(1) DEFAULT '0' COMMENT '菜单状态（0正常 1停用）',
  `perms` varchar(100) DEFAULT NULL COMMENT '权限标识',
  `icon` varchar(100) DEFAULT '#' COMMENT '菜单图标',
  `create_by` bigint(20) DEFAULT NULL,
  `create_time` datetime DEFAULT NULL,
  `update_by` bigint(20) DEFAULT NULL,
  `update_time` datetime DEFAULT NULL,
  `del_flag` int(11) DEFAULT '0' COMMENT '是否删除（0未删除 1已删除）',
  `remark` varchar(500) DEFAULT NULL COMMENT '备注',
  PRIMARY KEY (`id`)
) ENGINE=InnoDB AUTO_INCREMENT=5 DEFAULT CHARSET=utf8mb4 COMMENT='菜单表';

/*Data for the table `sys_menu` */

insert  into `sys_menu`(`id`,`menu_name`,`path`,`component`,`visible`,`status`,`perms`,`icon`,`create_by`,`create_time`,`update_by`,`update_time`,`del_flag`,`remark`) values 
(1,'hello','/hello',NULL,'0','0','admin','#',NULL,NULL,NULL,NULL,0,NULL),
(2,'hey','/hey',NULL,'0','0','admin,student','#',NULL,NULL,NULL,NULL,0,NULL),
(3,'noOne','/noOne',NULL,'0','0','admin','#',NULL,NULL,NULL,NULL,0,NULL),
(4,'why','/why',NULL,'0','0','admin','#',NULL,NULL,NULL,NULL,0,NULL);

/*Table structure for table `sys_role` */

DROP TABLE IF EXISTS `sys_role`;

CREATE TABLE `sys_role` (
  `id` bigint(20) NOT NULL AUTO_INCREMENT,
  `name` varchar(128) DEFAULT NULL,
  `role_key` varchar(100) DEFAULT NULL COMMENT '角色权限字符串',
  `status` char(1) DEFAULT '0' COMMENT '角色状态（0正常 1停用）',
  `del_flag` int(1) DEFAULT '0' COMMENT 'del_flag',
  `create_by` bigint(200) DEFAULT NULL,
  `create_time` datetime DEFAULT NULL,
  `update_by` bigint(200) DEFAULT NULL,
  `update_time` datetime DEFAULT NULL,
  `remark` varchar(500) DEFAULT NULL COMMENT '备注',
  PRIMARY KEY (`id`)
) ENGINE=InnoDB AUTO_INCREMENT=123 DEFAULT CHARSET=utf8mb4 COMMENT='角色表';

/*Data for the table `sys_role` */

insert  into `sys_role`(`id`,`name`,`role_key`,`status`,`del_flag`,`create_by`,`create_time`,`update_by`,`update_time`,`remark`) values 
(121,'admin','admin_','0',0,NULL,NULL,NULL,NULL,NULL),
(122,'student','student_','0',0,NULL,NULL,NULL,NULL,NULL);

/*Table structure for table `sys_role_menu` */

DROP TABLE IF EXISTS `sys_role_menu`;

CREATE TABLE `sys_role_menu` (
  `role_id` bigint(200) NOT NULL AUTO_INCREMENT COMMENT '角色ID',
  `menu_id` bigint(200) NOT NULL DEFAULT '0' COMMENT '菜单id',
  PRIMARY KEY (`role_id`,`menu_id`)
) ENGINE=InnoDB AUTO_INCREMENT=123 DEFAULT CHARSET=utf8mb4;

/*Data for the table `sys_role_menu` */

insert  into `sys_role_menu`(`role_id`,`menu_id`) values 
(121,1),
(121,2),
(121,3),
(121,4),
(122,2);

/*Table structure for table `sys_user` */

DROP TABLE IF EXISTS `sys_user`;

CREATE TABLE `sys_user` (
  `id` bigint(20) NOT NULL AUTO_INCREMENT COMMENT '主键',
  `user_name` varchar(64) NOT NULL DEFAULT 'NULL' COMMENT '用户名',
  `nick_name` varchar(64) NOT NULL DEFAULT 'NULL' COMMENT '昵称',
  `password` varchar(64) NOT NULL DEFAULT 'NULL' COMMENT '密码',
  `status` char(1) DEFAULT '0' COMMENT '账号状态（0正常 1停用）',
  `email` varchar(64) DEFAULT NULL COMMENT '邮箱',
  `phonenumber` varchar(32) DEFAULT NULL COMMENT '手机号',
  `sex` char(1) DEFAULT NULL COMMENT '用户性别（0男，1女，2未知）',
  `avatar` varchar(128) DEFAULT NULL COMMENT '头像',
  `user_type` char(1) NOT NULL DEFAULT '1' COMMENT '用户类型（0管理员，1普通用户）',
  `create_by` bigint(20) DEFAULT NULL COMMENT '创建人的用户id',
  `create_time` datetime DEFAULT NULL COMMENT '创建时间',
  `update_by` bigint(20) DEFAULT NULL COMMENT '更新人',
  `update_time` datetime DEFAULT NULL COMMENT '更新时间',
  `del_flag` int(11) DEFAULT '0' COMMENT '删除标志（0代表未删除，1代表已删除）',
  PRIMARY KEY (`id`)
) ENGINE=InnoDB AUTO_INCREMENT=1236 DEFAULT CHARSET=utf8mb4 COMMENT='用户表';

/*Data for the table `sys_user` */

insert  into `sys_user`(`id`,`user_name`,`nick_name`,`password`,`status`,`email`,`phonenumber`,`sex`,`avatar`,`user_type`,`create_by`,`create_time`,`update_by`,`update_time`,`del_flag`) values 
(1234,'admin','Administrator','asd123','0',NULL,NULL,NULL,NULL,'1',NULL,NULL,NULL,NULL,0),
(1235,'student','Student','asd123','0',NULL,NULL,NULL,NULL,'1',NULL,NULL,NULL,NULL,0);

/*Table structure for table `sys_user_role` */

DROP TABLE IF EXISTS `sys_user_role`;

CREATE TABLE `sys_user_role` (
  `user_id` bigint(200) NOT NULL AUTO_INCREMENT COMMENT '用户id',
  `role_id` bigint(200) NOT NULL DEFAULT '0' COMMENT '角色id',
  PRIMARY KEY (`user_id`,`role_id`)
) ENGINE=InnoDB AUTO_INCREMENT=1236 DEFAULT CHARSET=utf8mb4;

/*Data for the table `sys_user_role` */

insert  into `sys_user_role`(`user_id`,`role_id`) values 
(1234,121),
(1234,122),
(1235,122);

/*!40101 SET SQL_MODE=@OLD_SQL_MODE */;
/*!40014 SET FOREIGN_KEY_CHECKS=@OLD_FOREIGN_KEY_CHECKS */;
/*!40014 SET UNIQUE_CHECKS=@OLD_UNIQUE_CHECKS */;
/*!40111 SET SQL_NOTES=@OLD_SQL_NOTES */;
